{"total":0.39480539342745896,"groups":{"undefined":0.39480539342745896}}