{"total":145.80169388898392,"groups":{"good":94.1173844940022,"poor":27.233067006085907,"fair":16.52604995808893,"excellent":3.258191530752325,"bad":3.9540359796496607,"undefined":0.7129649204049243}}