{"total":127.51327699509868,"groups":{"bad":46.34462631964441,"good":47.614217729922196,"poor":32.37492498994228,"fair":1.179507955589704}}