{"total":111.32459322413584,"groups":{"excellent":1.3994213565497642,"bad":14.478637456697829,"good":48.75831581266879,"fair":46.688218598219386}}