{"total":10.39984578061413,"groups":{"poor":0.5251284521820296,"fair":0.02299518868740264,"undefined":9.851722139744698}}