{"total":68.81984580962816,"groups":{"good":2.69580203615188,"poor":33.977074893215644,"excellent":11.774579772258832,"fair":19.83210762493557,"undefined":0.5402814830662797}}