{"total":1.9167145053047823,"groups":{"fair":1.7181794175715162,"good":0.198535087733266}}