{"total":0.5499441996354759,"groups":{"poor":0.5499441996354759}}