{"total":93.03345950449781,"groups":{"fair":52.21888854615071,"good":17.586332114626906,"poor":22.164499186878686,"bad":1.0637396568415005}}