{"total":92.78773265909346,"groups":{"good":47.159878604631395,"poor":32.77852531978263,"fair":11.951964405336678,"undefined":0.8973643293427389}}