{"total":163.46474680025526,"groups":{"undefined":163.46474680025526}}