{"total":158.49583148513835,"groups":{"undefined":158.49583148513835}}