{"total":0.04545208817468778,"groups":{"undefined":0.04545208817468778}}