{"total":76.74399058364912,"groups":{"undefined":76.74399058364912}}