{"total":8.148203617206256,"groups":{"good":3.163013818525149,"bad":0.71115658565888,"undefined":2.9150855845550643,"poor":1.3589476284671638}}