{"total":9.155317199834903,"groups":{"fair":8.66759516820678,"good":0.48772203162812283}}