{"total":105.5215016712866,"groups":{"fair":14.140560422538577,"poor":63.25066933192353,"good":14.370211924583332,"bad":13.76005999224119}}