{"total":6.77788207038462,"groups":{"fair":5.056728936126356,"bad":1.1038248940945823,"undefined":0.6173282401636813}}