{"total":14.911143293078576,"groups":{"bad":8.098857990618535,"fair":2.156935339427364,"excelent":1.3500499079642974,"poor":1.1405562361341055,"good":0.7841196991838082,"undefined":1.3806241197504656}}