{"total":99.98258249122925,"groups":{"undefined":93.4413565315673,"fair":5.064585491809501,"good":1.476640467852444}}