{"total":97.16461713537605,"groups":{"poor":49.00374886904176,"fair":17.469279644045738,"bad":13.407909105850038,"good":17.283679516438568}}