{"total":192.99763850260672,"groups":{"excellent":38.657676006721104,"good":98.33540559614715,"fair":35.852867372464615,"poor":10.165472284545672,"bad":9.576431013286815,"undefined":0.4097862294414618}}