{"total":204.70814520987173,"groups":{"poor":1.1283346456727696,"fair":144.46353663209652,"good":59.1162739321025}}