{"total":7.1178513888250645,"groups":{"fair":5.0601069275005806,"poor":0.13460640421881093,"good":1.9231380571056749}}