{"total":15.867990830271463,"groups":{"poor":5.5168282248328815,"fair":3.411518405921116,"good":3.283712900400733,"undefined":3.6559312991167316}}