{"total":92.80631864972902,"groups":{"good":14.991170130225102,"bad":9.089594990022247,"fair":55.02787532970594,"poor":13.66068256834168,"undefined":0.036995631434073625}}