{"total":103.69979422973535,"groups":{"bad":22.335344429802117,"fair":14.354246655994572,"poor":32.966375133111626,"good":23.97556675316462,"excellent":9.44046977121745,"undefined":0.6277914864450151}}