{"total":11.421369907768872,"groups":{"poor":6.495272102718177,"excellent":1.2842879090248576,"bad":2.8241134761219526,"fair":0.08040816805545226,"undefined":0.7372882518484314}}