{"total":100.62711197968449,"groups":{"poor":0.27379060306775277,"good":23.171084382922793,"bad":76.78488548355968,"undefined":0.3973515101342557}}