{"total":3.800580048652046,"groups":{"fair":2.3497055612564646,"good":1.4508744873955814}}