{"total":100.37691220524204,"groups":{"fair":23.48852046288593,"bad":16.32382649717616,"good":31.686206743346137,"poor":26.17025564852332,"excellent":2.708102853310501}}