{"total":2.674535984283812,"groups":{"undefined":2.674535984283812}}