{"total":0.43088845542121673,"groups":{"undefined":0.43088845542121673}}