{"total":73.10223418000514,"groups":{"excellent":0,"poor":26.841028921038195,"fair":12.302730941422288,"good":29.853983076111355,"bad":3.9423257326658403,"undefined":0.1621655087675245}}