{"total":101.57036866153663,"groups":{"good":45.24098179344395,"fair":22.22802343440522,"bad":32.43535210027819,"excellent":0.9118730353424991,"poor":0.7541382980666906}}