{"total":0.07438257260919283,"groups":{"undefined":0.07438257260919283}}