{"total":0.7987145608687937,"groups":{"excellent":0.7987145608687937}}