{"total":2741.590156144788,"groups":{"poor":549.4247470567425,"fair":654.2043075385993,"bad":342.3495572694529,"good":718.7501757347561,"excellent":94.10360003318728,"undefined":371.03074609492637,"excelent":11.727022417118606}}