{"total":4.438227449705126,"groups":{"undefined":4.438227449705126}}