{"total":8.503098700868492,"groups":{"fair":1.5739150619252384,"undefined":6.929183638943252}}