{"total":7.954709505026249,"groups":{"poor":3.6987005971886724,"fair":0.02680251592066421,"bad":1.3237294171020122,"undefined":2.905476974814899}}