{"total":2.9774931512249583,"groups":{"undefined":2.9774931512249583}}