{"total":114.13482532295467,"groups":{"poor":59.51041900709852,"good":7.655430135123562,"fair":31.09656521839672,"excellent":11.735080924890582,"bad":4.137330037445266}}