{"total":1.2000341162053112,"groups":{"good":0.10053336958364542,"poor":1.0995007466216657}}