{"total":102.37637979330259,"groups":{"poor":41.27345644294897,"fair":38.938426071494455,"bad":9.857759323428308,"excellent":11.222151469556207,"good":1.0845864858746128}}