{"total":119.48872624259367,"groups":{"good":57.323283641741384,"poor":19.28474827500854,"excellent":0.14265114670478715,"bad":1.1045163312697903,"fair":41.63352684786913}}