{"total":81.12103813810755,"groups":{"good":33.0922646555075,"bad":1.8547977186949152,"fair":12.433854722376989,"poor":33.698078501402215,"undefined":0.04204254012595053}}