{"total":68.16203009085378,"groups":{"bad":42.51430467212391,"excelent":10.322029397942007,"fair":12.887765411630498,"good":1.5770343494658952,"undefined":0.8608962596914623}}