{"total":169.19081634580908,"groups":{"fair":0.5413400735379543,"bad":2.3961548567910405,"undefined":166.25332141548003}}